ID,number,book_ID,createdAt,createdBy,modifiedAt,modifiedBy
c1000001-1111-1111-1111-111111111111,1,7d111111-1111-1111-1111-111111111111,2026-10-07T00:00:00.000Z,admin@example.com,2026-10-07T00:00:00.000Z,admin@example.com
c1000002-1111-1111-1111-111111111111,2,7d111111-1111-1111-1111-111111111111,2026-10-07T00:00:00.000Z,admin@example.com,2026-10-07T00:00:00.000Z,admin@example.com

c2000001-2222-2222-2222-222222222222,1,7d222222-2222-2222-2222-222222222222,2026-10-07T00:00:00.000Z,admin@example.com,2026-10-07T00:00:00.000Z,admin@example.com
c2000002-2222-2222-2222-222222222222,2,7d222222-2222-2222-2222-222222222222,2026-10-07T00:00:00.000Z,admin@example.com,2026-10-07T00:00:00.000Z,admin@example.com

c3000001-3333-3333-3333-333333333333,1,7d333333-3333-3333-3333-333333333333,2026-10-07T00:00:00.000Z,admin@example.com,2026-10-07T00:00:00.000Z,admin@example.com
c3000002-3333-3333-3333-333333333333,2,7d333333-3333-3333-3333-333333333333,2026-10-07T00:00:00.000Z,admin@example.com,2026-10-07T00:00:00.000Z,admin@example.com

c4000001-4444-4444-4444-444444444444,1,7d444444-4444-4444-4444-444444444444,2026-10-07T00:00:00.000Z,admin@example.com,2026-10-07T00:00:00.000Z,admin@example.com
c4000002-4444-4444-4444-444444444444,2,7d444444-4444-4444-4444-444444444444,2026-10-07T00:00:00.000Z,admin@example.com,2026-10-07T00:00:00.000Z,admin@example.com

c5000001-5555-5555-5555-555555555555,1,7d555555-5555-5555-5555-555555555555,2026-10-07T00:00:00.000Z,admin@example.com,2026-10-07T00:00:00.000Z,admin@example.com
c5000002-5555-5555-5555-555555555555,2,7d555555-5555-5555-5555-555555555555,2026-10-07T00:00:00.000Z,admin@example.com,2026-10-07T00:00:00.000Z,admin@example.com
c600001-6666-6666-6666-666666666666,1,7d666666-6666-6666-6666-666666666666,2026-10-07T00:00:00.000Z,admin@example.com,2026-10-07T00:00:00.000Z,admin@example.com
c600002-6666-6666-6666-666666666666,2,7d666666-6666-6666-6666-666666666666,2026-10-07T00:00:00.000Z,admin@example.com,2026-10-07T00:00:00.000Z,admin@example.com

c700001-7777-7777-7777-777777777777,1,7d777777-7777-7777-7777-777777777777,2026-10-07T00:00:00.000Z,admin@example.com,2026-10-07T00:00:00.000Z,admin@example.com
c700002-7777-7777-7777-777777777777,2,7d777777-7777-7777-7777-777777777777,2026-10-07T00:00:00.000Z,admin@example.com,2026-10-07T00:00:00.000Z,admin@example.com

c800001-8888-8888-8888-888888888888,1,7d888888-8888-8888-8888-888888888888,2026-10-07T00:00:00.000Z,admin@example.com,2026-10-07T00:00:00.000Z,admin@example.com
c800002-8888-8888-8888-888888888888,2,7d888888-8888-8888-8888-888888888888,2026-10-07T00:00:00.000Z,admin@example.com,2026-10-07T00:00:00.000Z,admin@example.com

c900001-9999-9999-9999-999999999999,1,7d999999-9999-9999-9999-999999999999,2026-10-07T00:00:00.000Z,admin@example.com,2026-10-07T00:00:00.000Z,admin@example.com
c900002-9999-9999-9999-9999-999999999999,2,7d999999-9999-9999-9999-999999999999,2026-10-07T00:00:00.000Z,admin@example.com,2026-10-07T00:00:00.000Z,admin@example.com

ca00001-aaaa-aaaa-aaaa-aaaaaaaaaaaa,1,7daaaaaa-aaaa-aaaa-aaaa-aaaaaaaaaaaa,2026-10-07T00:00:00.000Z,admin@example.com,2026-10-07T00:00:00.000Z,admin@example.com
ca00002-aaaa-aaaa-aaaa-aaaaaaaaaaaa,2,7daaaaaa-aaaa-aaaa-aaaa-aaaaaaaaaaaa,2026-10-07T00:00:00.000Z,admin@example.com,2026-10-07T00:00:00.000Z,admin@example.com
