ID,Title,Author_ID,genre,publisheddt,pages,price,createdAt,createdBy,modifiedAt,modifiedBy
7d111111-1111-1111-1111-111111111111,Clean Code,19186364-34b2-4961-9070-2b19cb387d7c,Programming,2008-08-01,464,45.99,2026-10-07T00:00:00.000Z,admin@example.com,2026-10-07T00:00:00.000Z,admin@example.com
7d222222-2222-2222-2222-222222222222,The Pragmatic Programmer,26926087-79d2-431d-bfc8-64a1efbfdb7e,Programming,1999-10-20,352,42.50,2026-10-07T00:00:00.000Z,admin@example.com,2026-10-07T00:00:00.000Z,admin@example.com
7d333333-3333-3333-3333-333333333333,Design Patterns,26926088-31d1-41d6-a536-e2539564b990,Software Engineering,1994-10-31,395,55.00,2026-10-07T00:00:00.000Z,admin@example.com,2026-10-07T00:00:00.000Z,admin@example.com
7d444444-4444-4444-4444-444444444444,SAP CAP Development,26926089-0116-4eac-80c4-99bebe55cb75,SAP,2024-01-01,250,39.99,2026-10-07T00:00:00.000Z,admin@example.com,2026-10-07T00:00:00.000Z,admin@example.com
7d555555-5555-5555-5555-555555555555,ABAP Cloud Programming,26926090-450f-4caa-b62f-b8a833263a97,SAP,2025-06-15,320,49.99,2026-10-07T00:00:00.000Z,admin@example.com,2026-10-07T00:00:00.000Z,admin@example.com
7d666666-6666-6666-6666-666666666666,Refactoring,19186364-34b2-4961-9070-2b19cb387d7c,Programming,1999-07-08,448,47.99,2026-10-07T00:00:00.000Z,admin@example.com,2026-10-07T00:00:00.000Z,admin@example.com
7d777777-7777-7777-7777-777777777777,Agile Software Development,26926088-31d1-41d6-a536-e2539564b990,Software Engineering,2002-03-15,552,52.99,2026-10-07T00:00:00.000Z,admin@example.com,2026-10-07T00:00:00.000Z,admin@example.com
7d888888-8888-8888-8888-888888888888,Domain Driven Design,26926087-79d2-431d-bfc8-64a1efbfdb7e,Architecture,2003-08-30,560,58.99,2026-10-07T00:00:00.000Z,admin@example.com,2026-10-07T00:00:00.000Z,admin@example.com
7d999999-9999-9999-9999-999999999999,SAP Fiori Development,26926089-0116-4eac-80c4-99bebe55cb75,SAP,2025-02-01,280,44.99,2026-10-07T00:00:00.000Z,admin@example.com,2026-10-07T00:00:00.000Z,admin@example.com
7daaaaaa-aaaa-aaaa-aaaa-aaaaaaaaaaaa,SAP BTP Essentials,26926090-450f-4caa-b62f-b8a833263a97,SAP,2024-11-10,310,46.50,2026-10-07T00:00:00.000Z,admin@example.com,2026-10-07T00:00:00.000Z,admin@example.com